,number,address,Lat,Lon,METRIC,jan,feb,mar,apr,maj,jun,jul,aug,sep,okt,nov,dec
0,10101-002:,"Parkgatan 3-5, Borlänge, Dalarna, Sverige",60.4878992,15.4285392,kWh,882,760,803,769,341,353,187,398,757,902,879,936
1,10101-004:,"Sturegränd 11, Borlänge, Dalarna, Sverige",60.4874161,15.4269063,kWh,978,865,958,918,999,881,926,897,774,976,951,967
2,10101-001:,"Sturegränd 1-9, Borlänge, Dalarna, Sverige",60.4879842,15.4280099,kWh,1950,1782,1858,1735,1759,1731,1731,1680,1616,1737,1754,1763
3,10101-003:,"Vasagatan 31-39, Borlänge, Dalarna, Sverige",60.4872652,15.4280399,kWh,1037,995,777,292,139,113,122,146,167,274,577,633
4,10102-001:,"Vasagatan 27, Borlänge, Dalarna, Sverige",60.4871156,15.4275776,kWh,4132,3613,3210,3167,3443,3765,3949,4249,3934,4282,4036,4313
5,10103-001:,"Vattugatan 9, Borlänge, Dalarna, Sverige",60.4862052,15.43651,kWh,1739,1329,1378,2359,2763,2672,2657,2713,2826,2905,2851,2298
7,10104-001:,"Dalagatan 8, Borlänge, Dalarna, Sverige",60.4863128,15.4374616,kWh,1383,1178,1156,1091,1339,1280,1017,1045,1029,1196,1235,1298
8,10107-001:,"Dalen 6, Borlänge, Dalarna, Sverige",60.4859939,15.4389749,kWh,1290,1222,1201,859,813,852,402,372,649,1003,1093,1221
9,10108-001:,"Dalen 4, Borlänge, Dalarna, Sverige",60.4860108,15.4380628,kWh,1291,1118,912,405,226,145,174,258,324,470,679,892
10,10109-001:,"Vattugatan 13 A-F, Borlänge, Dalarna, Sverige",60.4857855,15.4376203,kWh,2000,1748,1942,1963,1333,1234,1240,1248,1644,1811,1940,1980
11,10110-001:,"Dalagatan 5 A-B, Borlänge, Dalarna, Sverige",60.4863128,15.4374616,kWh,385,302,300,284,285,276,274,303,310,310,318,339
12,10111-004:,"Dalagatan 4 A-D, Borlänge, Dalarna, Sverige",60.4867394,15.4367636,kWh,53,42,45,45,47,40,45,49,51,53,52,52
13,10111-005:,"Dalagatan 6 A-D, Borlänge, Dalarna, Sverige",60.4865676,15.4370635,kWh,50,40,46,57,70,64,71,71,65,59,54,50
14,10111-002:,"Sahlstedtsgatan 2 A-B, Borlänge, Dalarna, Sverige",60.4866205,15.4360091,kWh,4997,4402,4928,3811,5017,6820,7060,6899,6896,6510,5871,5011
16,10111-001:,"Vattugatan 5-7, Borlänge, Dalarna, Sverige",60.4864612,15.4362332,kWh,80,85,81,84,89,104,93,108,137,113,110,107
17,10114-001:,"Tunagatan 13 A-D, Borlänge, Dalarna, Sverige",60.482014,15.428786,kWh,9128,7985,8217,8205,6903,6377,5954,6321,6183,6718,6711,7099
18,10114-002:,"Wallingatan 12-16, Borlänge, Dalarna, Sverige",60.4829407,15.4307535,kWh,3763,2883,2928,2717,3160,2847,2723,2656,2711,3061,2951,2885
19,10118-001:,"Dalen 8, Borlänge, Dalarna, Sverige",60.4858189,15.438613,kWh,996,892,983,965,1178,980,1011,1030,1004,1052,1048,1222
20,10125-001:,"Ingelsgatan 18, Borlänge, Dalarna, Sverige",60.4810165,15.4360967,kWh,1241,1072,1022,761,704,577,631,713,689,934,1008,1372
21,10125-002:,"Simsgatan 2 A-C, Borlänge, Dalarna, Sverige",60.4808081,15.4355384,kWh,582,524,577,531,474,447,341,376,533,601,563,621
22,10132-001:,"Lergatan 8, Borlänge, Dalarna, Sverige",60.4828689,15.4422514,kWh,1752,1563,1483,1022,748,660,560,749,906,1094,1291,1671
23,10133-003:,"Hummelgatan 26 A-F, Borlänge, Dalarna, Sverige",60.4846486,15.4385368,kWh,1356,1153,1122,883,782,690,669,737,785,905,1021,1257
24,10134-001:,"Vintervägen 5, Borlänge, Dalarna, Sverige",60.4843254,15.4407176,kWh,601,300,352,366,468,351,356,395,355,342,329,403
25,10135-001:,"Hummelgatan 22, Borlänge, Dalarna, Sverige",60.4842136,15.4377946,kWh,130,136,121,115,74,62,45,65,89,128,124,130
26,10142-001:,"Gyllehemsvägen 2, Borlänge, Dalarna, Sverige",60.4709395,15.4476893,kWh,3167,3050,2901,1899,1183,1305,1330,1233,1284,1772,2164,2799
27,10143-001:,"Mjälgavägen 49 A-C, Borlänge, Dalarna, Sverige",60.476729,15.465914,kWh,2610,2413,2128,1370,1087,948,1012,1041,1050,1101,2056,1823
28,10143-003:,"Mjälgavägen 49 F-J, Borlänge, Dalarna, Sverige",60.476419,15.466139,kWh,5065,3729,3002,2498,2055,1841,1873,2028,2588,3301,4103,3412
29,10151-004:,"Gamla Landsvägen 10 A-B, Borlänge, Dalarna, Sverige",60.4650356,15.453299,kWh,161,126,129,115,103,81,74,123,132,147,168,153
30,10151-001:,"Tunavägen 158 A-B, Borlänge, Dalarna, Sverige",60.4662107,15.4523169,kWh,1161,1146,1077,330,149,106,122,147,122,310,631,1131
31,10151-002:,"Tunavägen 160 A-B, Borlänge, Dalarna, Sverige",60.4657414,15.4531576,kWh,1118,1040,1108,1092,762,796,655,799,1044,1168,1148,1262
32,10151-003:,"Tunavägen 162 A-B, Borlänge, Dalarna, Sverige",60.4659026,15.4537441,kWh,565,494,461,174,101,91,97,112,96,106,148,240
33,10152-001:,"Gamla Landsvägen 12 A-B, Borlänge, Dalarna, Sverige",60.464676,15.4548109,kWh,3482,3179,3512,3401,3332,3113,3251,3307,3367,3456,3142,3058
34,10152-002:,"Tunavägen 164, Borlänge, Dalarna, Sverige",60.4653349,15.4528408,kWh,4500,3800,3813,3243,3171,3009,3078,3304,3260,3954,4310,4631
35,10153-003:,"Karlsgårdsgatan 11 A-D, Borlänge, Dalarna, Sverige",60.473354,15.449256,kWh,5786,5579,4973,3304,2233,2139,2134,2461,2727,3187,3827,4829
36,10153-004:,"Karlsgårdsgatan 13 A-D, Borlänge, Dalarna, Sverige",60.4737658,15.4494148,kWh,281,239,272,272,302,282,294,293,277,285,274,276
37,10153-005:,"Karlsgårdsgatan 15 A-D, Borlänge, Dalarna, Sverige",60.4737872,15.4506614,kWh,294,245,292,289,307,296,319,332,322,356,414,313
38,10153-006:,"Karlsgårdsgatan 17 A-E, Borlänge, Dalarna, Sverige",60.4735384,15.4513474,kWh,391,328,386,390,406,391,403,406,391,400,383,384
39,10153-001:,"Karlsgårdsgatan 7 A-E, Borlänge, Dalarna, Sverige",60.4731293,15.4479411,kWh,341,292,323,328,333,317,332,367,335,349,339,345
40,10153-002:,"Karlsgårdsgatan 9 A-D, Borlänge, Dalarna, Sverige",60.4734456,15.4481396,kWh,276,235,261,266,279,262,273,279,270,278,268,270
41,10154-001:,"Lindåkersvägen 17 A-D, Borlänge, Dalarna, Sverige",60.469883,15.452095,kWh,344,280,292,254,522,196,164,270,308,323,368,394
42,10154-003:,"Lindåkersvägen 21 A-D, Borlänge, Dalarna, Sverige",60.469282,15.451961,kWh,998,829,650,255,171,146,143,287,291,306,574,996
43,10154-002:,"Lindåkersvägen 23 A-B, Borlänge, Dalarna, Sverige",60.4693825,15.45079,kWh,172,152,169,153,112,106,92,118,154,168,169,197
45,10155-003:,"Broåkersvägen 3 A-C, Borlänge, Dalarna, Sverige",60.4589714,15.4670349,kWh,390,306,316,302,304,267,290,324,350,371,365,429
46,10155-002:,"Broåkersvägen 5 A-C, Borlänge, Dalarna, Sverige",60.4590875,15.4674993,kWh,1330,1171,1388,1283,1334,1244,1335,1335,1211,1334,1320,1287
47,10155-001:,"Broåkersvägen 7 A-D, Borlänge, Dalarna, Sverige",60.459682,15.4675194,kWh,1743,1823,1681,315,50,46,47,48,54,249,772,1549
48,10156-001:,"Tunavägen 264 A-P, Borlänge, Dalarna, Sverige",60.4457412,15.4825401,kWh,2774,2457,2534,2301,1813,1649,1348,1993,2376,2917,3075,3281
49,10156-003:,"Tunavägen 272 A-R, Borlänge, Dalarna, Sverige",60.4453845,15.4846229,kWh,610,482,472,421,319,262,274,398,425,566,611,662
50,10157-001:,"Marschgatan 19 A, Borlänge, Dalarna, Sverige",60.4398772,15.4922684,kWh,648,663,608,381,334,321,289,377,419,499,618,656
51,10157-002:,"Marschgatan 19 B, Borlänge, Dalarna, Sverige",60.439986,15.4918417,kWh,371,413,466,420,377,305,267,330,351,362,378,393
52,10158-001:,"Tunagården, Borlänge, Dalarna, Sverige",60.443879,15.4836465,kWh,29804,26161,27803,25625,25309,25122,27889,26761,26080,27788,27613,29072
53,10161-002:,"Anders Pers gata 1, Borlänge, Dalarna, Sverige",60.5042042,15.4449298,kWh,1728,1652,1802,1100,670,511,561,531,766,887,824,851
54,10161-001:,"Åsgatan 1, Borlänge, Dalarna, Sverige",60.5037984,15.4449066,kWh,491,431,473,426,340,339,296,357,513,618,540,505
55,10163-001:,"Hemgatan 51 A-F, Borlänge, Dalarna, Sverige",60.5068183,15.4685454,kWh,427,335,330,260,167,143,134,177,210,291,362,412
56,10163-002:,"Hemgatan 53, Borlänge, Dalarna, Sverige",60.5069466,15.4690792,kWh,352,310,326,310,214,195,185,224,262,314,311,321
57,10163-003:,"Hemgatan 55, Borlänge, Dalarna, Sverige",60.5069062,15.4698802,kWh,277,252,246,137,46,30,51,50,93,160,214,279
58,10163-004:,"Hemgatan 59 A-D, Borlänge, Dalarna, Sverige",60.5070218,15.4704104,kWh,1937,1829,2149,1995,1281,944,606,701,977,1291,1443,1692
59,10163-005:,"Hemgatan 61 A-D, Borlänge, Dalarna, Sverige",60.5070624,15.4710559,kWh,67,50,32,26,19,17,16,29,33,41,77,89
60,10164-004:,"Hagbacksgatan 30, Borlänge, Dalarna, Sverige",60.5014759,15.4644537,kWh,19568,17515,18990,17746,17832,17309,17315,17301,17739,18923,18593,19722
62,10165-001:,"Honefsgatan 3, Borlänge, Dalarna, Sverige",60.5002469,15.4524415,kWh,1645,1418,1513,1525,1396,1238,1193,1272,1352,1481,1567,1651
63,10165-002:,"Honefsgatan 5, Borlänge, Dalarna, Sverige",60.5005538,15.4532029,kWh,3806,3497,3819,3617,3453,3362,3229,3004,3114,3615,4200,4334
64,10167-001:,"Jönisgatan 11-15, Borlänge, Dalarna, Sverige",60.5010092,15.4557464,kWh,1022,933,955,885,958,889,945,975,987,1061,1022,1064
65,10167-002:,"Jönisgatan 7-9, Borlänge, Dalarna, Sverige",60.5007712,15.4559962,kWh,2466,2297,2432,2387,2289,2173,2078,1614,1896,1949,1964,2077
66,10167-003:,"Tolvmilavägen 10-18, Borlänge, Dalarna, Sverige",60.4999729,15.4561094,kWh,2797,2391,2485,2305,2053,1933,2044,2190,2466,2589,2609,2634
67,10168-002:,"Tolvmilavägen 6 A-C, Borlänge, Dalarna, Sverige",60.4997036,15.456066,kWh,6896,5861,6046,5347,5081,5045,5695,5485,4604,5499,5896,6965
68,10169-001:,"Logevägen 2-4, Borlänge, Dalarna, Sverige",60.5008682,15.4567307,kWh,668,706,614,198,59,44,50,72,188,256,389,567
69,10181-028:,"Domnarvsv 5A-E, Marknadsg 2F-J, Borlänge, Dalarna, Sverige",60.493429,15.437123,kWh,76,64,71,68,66,62,65,71,70,74,73,73
70,10181-026:,"Domnarvsv 9A-D,Marknadsg 6E-J, Borlänge, Dalarna, Sverige",60.494184,15.436635,kWh,52,41,23,15,12,9,9,16,19,31,30,44
71,10181-030:,"Domnarvsvägen 10 A-J, Borlänge, Dalarna, Sverige",60.493681,15.4379592,kWh,3629,3275,3745,3549,2833,2486,2286,2655,3104,3695,3677,3702
72,10181-031:,"Domnarvsvägen 12 A-J, Borlänge, Dalarna, Sverige",60.4941893,15.4385478,kWh,28,22,21,17,16,7,11,18,19,22,24,26
73,10181-032:,"Domnarvsvägen 14 A-J, Borlänge, Dalarna, Sverige",60.4944833,15.4376157,kWh,709,690,788,366,142,125,27,111,315,254,362,614
74,10181-029:,"Domnarvsvägen 8 A-J, Borlänge, Dalarna, Sverige",60.4933616,15.4387279,kWh,100,95,134,121,117,109,112,122,128,146,147,157
75,10181-040:,"Hushagsgatan 10 A-G, Borlänge, Dalarna, Sverige",60.4946802,15.4401216,kWh,103,74,77,50,46,42,43,50,49,55,73,70
76,10181-034:,"Hushagsgatan 11 A-J, Borlänge, Dalarna, Sverige",60.4943331,15.4397646,kWh,16,12,14,10,9,1,7,9,14,15,15,19
77,10181-033:,"Hushagsgatan 13 A-J, Borlänge, Dalarna, Sverige",60.4946096,15.4395837,kWh,253,244,215,98,69,52,58,68,87,113,151,239
78,10181-038:,"Hushagsgatan 6 A-J, Borlänge, Dalarna, Sverige",60.4936714,15.4407403,kWh,93,78,75,57,49,44,47,56,76,91,103,105
79,10181-036:,"Hushagsgatan 7 A-J, Borlänge, Dalarna, Sverige",60.4935649,15.4402776,kWh,78,66,59,52,43,37,45,57,68,79,76,77
80,10181-039:,"Hushagsgatan 8 A-H, Borlänge, Dalarna, Sverige",60.4942115,15.4404003,kWh,43,33,32,26,25,29,36,42,41,49,57,48
81,10181-035:,"Hushagsgatan 9 A-J, Borlänge, Dalarna, Sverige",60.4938479,15.4400677,kWh,125,112,117,109,111,107,111,111,111,121,124,128
82,10181-027:,"Marknadsg 4A-E, Domnarvsv 7F-J, Borlänge, Dalarna, Sverige",60.4939067,15.4372602,kWh,52,49,62,19,17,17,16,17,17,19,23,42
83,10181-024:,"Marknadsgatan 3 A-J, Borlänge, Dalarna, Sverige",60.49378,15.436034,kWh,485,463,353,89,61,42,38,49,60,122,229,364
84,10181-025:,"Marknadsgatan 5 A-E, Borlänge, Dalarna, Sverige",60.494063,15.4358461,kWh,252,307,245,205,487,459,665,730,571,417,318,271
85,10181-041:,"Torggatan 1 A-C, Borlänge, Dalarna, Sverige",60.4943859,15.4413559,kWh,1712,1654,1840,1541,1691,1426,1389,1496,1372,1722,1537,1549
86,10181-042:,"Torggatan 3 A-B, Borlänge, Dalarna, Sverige",60.4938796,15.4416776,kWh,70,68,42,30,10,6,6,7,11,30,42,48
87,10181-020:,"Torggatan 4 A-C, Borlänge, Dalarna, Sverige",60.4931374,15.4403033,kWh,468,325,269,322,350,287,345,453,437,483,554,468
88,10181-019:,"Torggatan 5 A-C, Borlänge, Dalarna, Sverige",60.4928522,15.4408044,kWh,815,768,654,579,1186,1152,1815,1457,1043,851,755,685
89,10181-021:,"Torggatan 6 A-C, Borlänge, Dalarna, Sverige",60.4930402,15.4396844,kWh,21,19,22,31,44,48,65,71,48,36,29,25
90,181,"Domnarvsvägen 7 A-J, Borlänge, Dalarna, Sverige",60.4939706,15.4375359,kWh,197,164,165,156,153,146,275,221,183,176,194,207
93,181,"Garage Domnarvsv 10, Borlänge, Dalarna, Sverige",60.493681,15.4379592,kWh,390,336,300,128,118,104,107,116,125,169,310,1132
98,191,"Kapstigen 30 Tvättst, Borlänge, Dalarna, Sverige",60.5061422,15.5411937,kWh,9316,8662,8650,6344,3808,2607,2678,3191,4727,7570,8578,9508
99,10195-002:,"Ringvägen 17 A, Borlänge, Dalarna, Sverige",60.3750369,15.2307875,kWh,1104,1097,1000,940,624,351,392,427,493,794,969,991
100,10195-001:,"Ringvägen 17 B, Borlänge, Dalarna, Sverige",60.3749148,15.2314205,kWh,73,65,68,62,58,51,58,65,149,102,79,81
101,10197-003:,"Alsbäck 143, Borlänge, Dalarna, Sverige",60.475594,15.4937139,kWh,2571,2624,2083,1545,1544,1373,1560,1547,1462,1912,1953,2482
102,10201-005:,"Klöverstigen 10 A-D, Borlänge, Dalarna, Sverige",60.4934183,15.4023964,kWh,3873,3640,3913,3244,3343,3113,3330,3265,3083,3396,3772,4331
103,10201-006:,"Klöverstigen 12 A-D, Borlänge, Dalarna, Sverige",60.4934834,15.4031598,kWh,3406,3103,3150,2524,2148,2006,2020,2063,2177,2515,2784,3167
104,10201-008:,"Klöverstigen 14 A-D, Borlänge, Dalarna, Sverige",60.4937371,15.4039388,kWh,6510,5922,6179,4069,3611,3229,3144,3375,3522,3971,4073,4320
105,10201-009:,"Klöverstigen 16 -20, Borlänge, Dalarna, Sverige",60.4927109,15.4026682,kWh,20090,17610,18054,16915,16653,17047,18103,18025,17003,18040,17216,18006
106,10201-012:,"Klöverstigen 18 A-D, Borlänge, Dalarna, Sverige",60.4937032,15.4054796,kWh,1940,1777,1909,1654,1493,1439,1394,1507,1570,1714,1522,1638
107,10201-002:,"Klöverstigen 2 A-D, Borlänge, Dalarna, Sverige",60.4945655,15.4018727,kWh,1130,1011,1119,1119,1189,1144,1149,1183,1130,1168,1121,1164
108,10201-013:,"Klöverstigen 22 A-D, Borlänge, Dalarna, Sverige",60.4936334,15.4055846,kWh,1682,1532,1645,1503,1464,1415,1447,1530,1526,1602,1602,1703
109,10201-014:,"Klöverstigen 24 A-D, Borlänge, Dalarna, Sverige",60.4930297,15.4060686,kWh,3923,3363,3433,3154,2573,2442,1966,2479,2968,3349,3346,3549
110,10201-015:,"Klöverstigen 26 A-D, Borlänge, Dalarna, Sverige",60.4920075,15.4048152,kWh,1089,3587,1007,993,960,920,940,876,1067,1172,1104,1146
111,10201-016:,"Klöverstigen 28 A-D, Borlänge, Dalarna, Sverige",60.4926763,15.4063533,kWh,1774,1647,1825,1733,1725,1580,1578,1565,1552,1626,1551,1597
112,10201-017:,"Klöverstigen 30 A-D, Borlänge, Dalarna, Sverige",60.4918031,15.4054909,kWh,2328,2162,2280,2057,1651,1566,1415,1637,1882,2217,2222,2321
113,10201-001:,"Klöverstigen 4 A-D, Borlänge, Dalarna, Sverige",60.4948316,15.4016479,kWh,1263,1124,1276,1248,1326,1253,1316,1288,1246,1269,1226,1222
114,10201-003:,"Klöverstigen 6 A-D, Borlänge, Dalarna, Sverige",60.4940262,15.4016065,kWh,1353,1208,1324,1289,1348,1304,1376,1391,1371,1399,1357,1380
115,10201-004:,"Klöverstigen 8 A-D, Borlänge, Dalarna, Sverige",60.4934412,15.4010862,kWh,4178,3569,3320,3357,3317,3183,2536,3571,3816,3611,3669,3872
116,10201-031:,"Kornstigen 1 A-D, Borlänge, Dalarna, Sverige",60.4923997,15.3979883,kWh,1184,1102,1259,1253,1266,1197,1202,1216,1198,1218,1168,1192
117,10201-027:,"Kornstigen 11 A-E, Borlänge, Dalarna, Sverige",60.4913712,15.3992865,kWh,1432,1273,1299,1317,1384,1331,1356,1349,1181,1233,1347,1364
118,10201-026:,"Kornstigen 13 A-D, Borlänge, Dalarna, Sverige",60.4919822,15.4007673,kWh,1470,1370,1566,1469,1472,1407,1395,1446,1443,1512,1465,1551
119,10201-033:,"Kornstigen 15 A-C, Borlänge, Dalarna, Sverige",60.4923039,15.4015016,kWh,28810,25882,26931,22252,18688,12386,10938,12945,20072,26140,27873,25268
120,10201-023:,"Kornstigen 17 A-D, Borlänge, Dalarna, Sverige",60.4916905,15.4014938,kWh,1449,1314,1456,1338,1300,1226,1188,1273,1345,1416,1385,1446
121,10201-022:,"Kornstigen 21 A-D, Borlänge, Dalarna, Sverige",60.4910331,15.4007571,kWh,1640,1478,1608,1460,1453,1381,1396,1418,1422,1515,1502,1619
122,10201-021:,"Kornstigen 23 A-E, Borlänge, Dalarna, Sverige",60.4917046,15.4025266,kWh,5196,4732,4697,4394,3515,3367,2820,3196,3902,4464,4755,4844
123,10201-020:,"Kornstigen 25 A-E, Borlänge, Dalarna, Sverige",60.4905113,15.401601,kWh,11431,10210,10349,9794,8385,4773,7064,7455,8325,10211,9759,10393
124,10201-019:,"Kornstigen 27 A-D, Borlänge, Dalarna, Sverige",60.4910285,15.4033101,kWh,2031,1864,2024,1711,1598,1457,1404,1501,1582,1820,1950,2110
125,10201-018:,"Kornstigen 29 A-D, Borlänge, Dalarna, Sverige",60.4905113,15.401601,kWh,1727,1586,1756,1613,1603,1542,1521,1525,1518,1545,1515,1609
126,10201-032:,"Kornstigen 3 A-E, Borlänge, Dalarna, Sverige",60.4931681,15.3992172,kWh,1478,1384,1685,1551,1595,1504,1576,1547,1558,1599,1558,1584
127,10201-030:,"Kornstigen 5 A-D, Borlänge, Dalarna, Sverige",60.4922932,15.3983899,kWh,1210,1140,1289,1265,1341,1285,1286,1305,1271,1294,1254,1278
128,10201-029:,"Kornstigen 7 A-E, Borlänge, Dalarna, Sverige",60.4924828,15.3993266,kWh,3954,3645,3773,3413,2826,2627,2557,2580,2872,3293,3260,3366
129,10201-028:,"Kornstigen 9 A-E, Borlänge, Dalarna, Sverige",60.4916543,15.3985245,kWh,4165,3499,3621,3276,2841,2505,2458,2697,3127,3374,3395,3874
130,201,"Tvättstuga 1 Klöverstigen, Borlänge, Dalarna, Sverige",60.494822,15.4017069,kWh,6953,6530,7120,6626,5923,6209,5352,6248,7463,7209,6867,6919
131,201,"Tvättstuga 2 Kornstigen 7-9, Borlänge, Dalarna, Sverige",60.4928054,15.3967752,kWh,5047,4363,4730,5215,4719,4642,4450,4467,5082,4868,4861,5526
132,201,"Tvättstuga 3 Kornstigen 21-23, Borlänge, Dalarna, Sverige",60.4931681,15.3992172,kWh,7756,6767,7265,7114,6913,6276,6533,6866,7392,7554,7626,7892
133,10204-101:,"Jan Ers gata 1, Borlänge, Dalarna, Sverige",60.4945316,15.3995808,kWh,9807,8630,9278,8798,7972,8013,8048,9385,9757,10312,10354,10720
137,10211-007:,"Stjärngatan 13, Borlänge, Dalarna, Sverige",60.4854384,15.3965917,kWh,460,390,468,443,398,405,423,413,445,546,520,544
138,10211-009:,"Stjärngatan 17 A-K, Borlänge, Dalarna, Sverige",60.4858551,15.3977515,kWh,1297,783,1169,1195,1225,1159,1233,1285,1401,1433,1419,1484
139,10211-014:,"Stjärngatan 2 A-E, Borlänge, Dalarna, Sverige",60.4864101,15.397877,kWh,964,793,772,641,553,469,501,630,730,866,928,1009
140,10213-011:,"Kometgatan 10 A-E, Borlänge, Dalarna, Sverige",60.4855855,15.3990677,kWh,1046,1075,1030,516,285,234,261,325,392,542,759,1034
141,10213-012:,"Kometgatan 8 A-E, Borlänge, Dalarna, Sverige",60.4857171,15.3993585,kWh,618,487,503,419,372,247,262,307,361,442,466,450
143,10215-010:,"Meteorgatan 10 A-E, Borlänge, Dalarna, Sverige",60.4848604,15.4007983,kWh,402,342,325,267,233,246,236,345,420,565,694,904
145,10216-003:,"Mångatan 2, Borlänge, Dalarna, Sverige",60.4846954,15.4036,kWh,7049,6848,6904,6474,5460,4045,3740,4144,5818,6589,6480,5900
146,10216-002:,"Mångatan 4, Borlänge, Dalarna, Sverige",60.4844716,15.4031344,kWh,9318,9165,9810,7456,5973,4579,4166,4938,6468,7683,7977,7805
147,10216-001:,"Mångatan 6, Borlänge, Dalarna, Sverige",60.4842649,15.4027204,kWh,13967,12682,11346,9814,8425,6786,6624,6694,9017,11983,12909,11620
148,10217-001:,"Mångatan 1, Borlänge, Dalarna, Sverige",60.4832234,15.4016773,kWh,2305,2189,2249,1649,1468,1206,1224,1116,1230,1440,1653,2217
149,10217-002:,"Mångatan 3, Borlänge, Dalarna, Sverige",60.4829916,15.4011104,kWh,3883,3554,3879,3747,3752,3469,3599,3644,3528,3545,3598,3706
150,10217-003:,"Mångatan 5, Borlänge, Dalarna, Sverige",60.4827509,15.4005434,kWh,1335,1178,1300,1229,1285,1219,1265,1270,1198,1330,1335,1316
151,10221: 221,"Norrskenet 1, Borlänge, Dalarna, Sverige",60.484304,15.433969,kWh,165,186,168,174,255,332,290,284,270,285,326,388
152,10222: 222,"Planeten 2, Borlänge, Dalarna, Sverige",60.484304,15.433969,kWh,3678,3338,3608,3296,3474,3093,2901,3307,3386,3586,3136,2957
153,10224: 224,"Regnbågen 1, Borlänge, Dalarna, Sverige",60.484304,15.433969,kWh,295,272,296,272,274,260,291,277,281,302,308,318
155,10226-001:,"Jaxtorget 9, Borlänge, Dalarna, Sverige",60.483555,15.4037764,kWh,1116,1084,859,776,727,691,682,611,692,755,838,883
158,10231-013:,"Stånggatan 41 A-H, Borlänge, Dalarna, Sverige",60.476947,15.397551,kWh,1303,1171,1318,1312,1215,1191,1095,1194,1268,1333,1280,1308
170,10243-001:,"Pilt Jans väg 41, Borlänge, Dalarna, Sverige",60.4701568,15.3798697,kWh,4234,3522,3746,3137,2856,2661,2292,2906,3170,3752,3915,3619
171,10301-003:,"Norr Amsberg 402 fd lärarbostad, Borlänge, Dalarna, Sverige",60.5289449,15.3557853,kWh,3323,3374,3246,2768,2583,2143,1730,2083,2371,2586,2846,2861
172,301,"Norr Amsberg Garage, Borlänge, Dalarna, Sverige",60.5300007,15.351445,kWh,3918,5126,2812,1364,784,616,1017,2853,1434,1510,1721,2968
173,10302-007:,"Bysjön 11 A-D, Borlänge, Dalarna, Sverige",60.5231949,15.3960646,kWh,897,927,894,565,290,260,251,265,373,345,428,537
174,10302-010:,"Bysjön 17, Borlänge, Dalarna, Sverige",60.5238824,15.3974832,kWh,226,283,270,48,14,3,38,3,8,37,91,183
175,10302-012:,"Bysjön 21 A-B, Borlänge, Dalarna, Sverige",60.5242156,15.3974592,kWh,417,401,400,225,131,109,113,117,139,204,261,326
176,10302-003:,"Bysjön 3 A-D, Borlänge, Dalarna, Sverige",60.5221108,15.3961748,kWh,580,627,611,415,260,283,230,265,251,445,524,628
177,10302-014:,"Bysjön 6 A-C, Borlänge, Dalarna, Sverige",60.5221831,15.3968622,kWh,1745,1645,1529,1011,657,547,554,690,892,1171,1670,2125
180,10303-002:,"Lugna gatan 4 A-C, Borlänge, Dalarna, Sverige",60.5172379,15.4024097,kWh,484,436,450,467,391,323,339,378,501,488,457,520
181,10303-001:,"Lugna gatan 6 A-C, Borlänge, Dalarna, Sverige",60.5168181,15.402591,kWh,1480,1408,1105,700,762,762,599,657,695,827,892,1038
182,306,"Predikantgatan 18, Borlänge, Dalarna, Sverige",60.511002,15.4092651,kWh,390,337,388,390,402,396,437,482,465,478,451,444
183,10308: 308,"Kungsljuset, Borlänge, Dalarna, Sverige",60.5166302,15.4047303,kWh,2064,2030,1780,1402,1560,1588,1593,1609,1466,1314,1810,2305
187,309,"Majgatan 5 A-L, Borlänge, Dalarna, Sverige",60.5163252,15.4006068,kWh,1169,1181,1104,861,720,688,694,694,709,762,864,1122
188,10311-001:,"Kvarnforsplan 1-3, Borlänge, Dalarna, Sverige",60.5157119,15.4142066,kWh,674,1055,925,774,696,564,631,734,794,897,826,841
189,10311-002:,"Kvarnforsplan 5-7, Borlänge, Dalarna, Sverige",60.5158717,15.4137868,kWh,2807,2506,2886,2582,2309,2558,2716,2939,2723,2669,2521,2385
190,10311-003:,"Sveaborgsgatan 3-5, Borlänge, Dalarna, Sverige",60.5162776,15.4140381,kWh,1120,1010,1118,909,554,495,394,516,742,916,996,1037
191,10312-001:,"Stinsens väg 2, Borlänge, Dalarna, Sverige",60.5155886,15.4151738,kWh,4387,3935,3897,3301,2751,2555,2499,2754,3127,3435,3596,4018
193,10313-001:,"Hästhovsgatan 1 A-C, Borlänge, Dalarna, Sverige",60.5102008,15.4180463,kWh,1092,973,794,357,233,180,210,432,605,726,1066,1911
194,10313-002:,"Hästhovsgatan 3 A-C, Borlänge, Dalarna, Sverige",60.5098309,15.4171609,kWh,99,78,73,54,41,29,33,48,60,84,209,593
195,10313-003:,"Hästhovsgatan 5 A-C, Borlänge, Dalarna, Sverige",60.5095385,15.4166056,kWh,2512,2309,2657,2525,2079,1813,1648,1868,2236,2559,2666,2856
196,10314-002:,"Örtgatan 5 A-H, Borlänge, Dalarna, Sverige",60.5096899,15.4188553,kWh,1147,1206,905,422,209,162,187,254,295,539,879,1141
197,10315-003:,"Hästhovsgatan 11, Borlänge, Dalarna, Sverige",60.5083718,15.4148421,kWh,504,488,492,374,270,259,191,263,354,434,430,555
198,10315-001:,"Hästhovsgatan 7 A-B, Borlänge, Dalarna, Sverige",60.509046,15.415805,kWh,1071,623,462,177,65,50,49,72,86,189,393,874
199,10315-002:,"Hästhovsgatan 9 A-B, Borlänge, Dalarna, Sverige",60.5086127,15.4149933,kWh,197,203,140,133,122,78,128,128,99,72,78,627
200,10316-001:,"Kaprifolgatan 1, Borlänge, Dalarna, Sverige",60.5107621,15.415869,kWh,2285,2083,2329,1942,1465,1391,1253,1571,1680,1960,2249,2647
201,10317-002:,"Logatan 34, Borlänge, Dalarna, Sverige",60.5011466,15.3967684,kWh,500,449,494,477,443,365,345,367,462,511,508,519
202,10317-001:,"Logatan 36, Borlänge, Dalarna, Sverige",60.5011895,15.3961492,kWh,1203,1183,1044,696,516,497,353,552,669,756,1070,1311
203,10317-004:,"Logatan 38, Borlänge, Dalarna, Sverige",60.5007769,15.3970864,kWh,64,54,53,38,26,18,18,28,37,41,45,63
204,10317-005:,"Logatan 40, Borlänge, Dalarna, Sverige",60.5005453,15.3967943,kWh,440,431,416,253,116,103,120,136,135,209,346,421
205,10321-009:,"Betesgatan 10 A-B, Borlänge, Dalarna, Sverige",60.49952,15.413216,kWh,4906,4305,4895,4799,4552,4064,4366,4682,4668,4877,4738,4806
206,10321-010:,"Betesgatan 10 C-F, Borlänge, Dalarna, Sverige",60.49952,15.413216,kWh,4984,4184,4776,4809,4962,4807,4211,4645,4698,4834,4551,4589
207,10321-001:,"Betesgatan 2 A-C, Borlänge, Dalarna, Sverige",60.497074,15.414842,kWh,4765,4387,4724,3958,3195,2873,2426,2719,3271,3960,4219,4686
208,10321-002:,"Betesgatan 2 D-H, Borlänge, Dalarna, Sverige",60.497074,15.414842,kWh,5142,6124,6472,5070,3726,3236,2905,3140,3849,4911,5381,6163
209,10321-004:,"Betesgatan 4 A-E, Borlänge, Dalarna, Sverige",60.497822,15.4144501,kWh,5068,4785,5177,4386,3730,3425,3511,3364,3398,4075,4290,4844
210,10321-003:,"Betesgatan 4 F-G, Borlänge, Dalarna, Sverige",60.497822,15.4144501,kWh,5568,5351,5806,4966,4249,3971,3799,3781,4420,4931,5015,5215
211,10321-005:,"Betesgatan 6 A-B, Borlänge, Dalarna, Sverige",60.498382,15.4141441,kWh,5935,5736,6147,5078,4346,4249,3799,4359,4169,4558,4592,5612
212,10321-006:,"Betesgatan 6 C-G, Borlänge, Dalarna, Sverige",60.498382,15.4141441,kWh,7557,7055,7681,5527,4030,3745,3967,3953,3815,4757,5601,7006
213,10321-008:,"Betesgatan 8 A-E, Borlänge, Dalarna, Sverige",60.4989254,15.4129844,kWh,6847,6296,6643,5527,4601,4172,4550,4670,4789,5567,5887,6676
214,10321-007:,"Betesgatan 8 F-G, Borlänge, Dalarna, Sverige",60.4989254,15.4129844,kWh,6195,5884,6266,5052,4446,4228,3915,4291,4460,5292,5525,5500
216,324,"Bondegatan 12 PC, Borlänge, Dalarna, Sverige",60.4962985,15.4152119,kWh,5273,5009,4948,1823,803,596,620,728,1129,1956,2912,4277
217,10325-005:,"Bondegatan 10 A-C, Borlänge, Dalarna, Sverige",60.4963487,15.4168631,kWh,620,547,565,463,393,363,373,431,514,632,683,710
218,10325-001:,"Bondegatan 2, Borlänge, Dalarna, Sverige",60.4966965,15.4203565,kWh,88,79,88,83,72,62,75,103,141,185,195,172
219,10325-002:,"Bondegatan 4 A-B, Borlänge, Dalarna, Sverige",60.496802,15.4200476,kWh,215,201,218,181,190,180,194,215,206,241,260,291
220,10325-003:,"Bondegatan 6 A-C, Borlänge, Dalarna, Sverige",60.4965465,15.4191885,kWh,3,2,0,0,0,0,0,0,0,1,0,0
221,10325-004:,"Bondegatan 8 A-D, Borlänge, Dalarna, Sverige",60.4965313,15.4183497,kWh,1586,1476,1458,1465,1389,1264,1203,1631,1430,1474,1432,1508
222,10326-006:,"Allfarvägen 61 A-B, Borlänge, Dalarna, Sverige",60.496013,15.420974,kWh,2742,2641,2913,2553,1705,1313,1113,1200,1097,1447,1796,2371
223,10326-005:,"Allfarvägen 63, Borlänge, Dalarna, Sverige",60.4962002,15.4206108,kWh,1556,1403,1583,1568,1622,1515,1560,1430,1275,1274,1195,1319
224,10326-004:,"Allfarvägen 65, Borlänge, Dalarna, Sverige",60.4962935,15.4206093,kWh,1728,1563,1700,1635,1437,1444,1369,1473,1569,1692,1642,1681
225,10326-003:,"Bondegatan 3 A-C, Borlänge, Dalarna, Sverige",60.4961669,15.419367,kWh,2023,1880,1834,1779,1497,1448,1403,1453,1633,1901,1956,2146
226,10326-002:,"Bondegatan 5 A-B, Borlänge, Dalarna, Sverige",60.4962316,15.4188923,kWh,607,545,596,581,420,352,271,397,448,562,704,575
227,10326-001:,"Bondegatan 7 A-C, Borlänge, Dalarna, Sverige",60.4956682,15.4179857,kWh,270,151,146,193,134,137,162,199,256,156,347,150
228,10326-007:,"Vallgatan 4 A-C, Borlänge, Dalarna, Sverige",60.49538,15.419987,kWh,1173,1008,993,943,932,877,928,892,940,1110,1114,1211
229,10327-002:,"Allfarvägen 45-51, Borlänge, Dalarna, Sverige",60.4948512,15.4228026,kWh,2862,5507,5342,1453,1068,673,667,628,781,1676,1802,1680
230,10327-003:,"Skördegatan 10-18, Borlänge, Dalarna, Sverige",60.4947114,15.4213403,kWh,2485,4746,4278,3564,2680,2381,2069,2129,2168,2526,2412,2405
231,10327-001:,"Vallgatan 1-3, Allfarv 53-55, Borlänge, Dalarna, Sverige",60.495401,15.42173,kWh,2604,2405,2286,2098,1881,1586,1693,1860,1915,2254,2268,2499
232,10327-004:,"Vallgatan 5-7, Borlänge, Dalarna, Sverige",60.4952282,15.4207087,kWh,40,354,558,65,99,82,90,95,61,54,71,69
233,327,"Vallgatan 9-11, Borlänge, Dalarna, Sverige",60.4949618,15.4203423,kWh,450,404,427,366,262,229,191,282,492,461,489,520
234,10328-001:,"Allfarvägen 37-43, Borlänge, Dalarna, Sverige",60.4943455,15.4232548,kWh,1338,764,789,705,561,536,499,605,830,825,1296,1146
235,10328-002:,"Skördegatan 2-8, Borlänge, Dalarna, Sverige",60.4938261,15.421133,kWh,2383,2072,2014,1524,1305,868,728,691,1196,1736,1669,2099
236,10329-001:,"Skördegatan 11-15, Borlänge, Dalarna, Sverige",60.4937159,15.4206318,kWh,1627,1509,1634,1497,1141,1098,1012,1030,1164,1280,1459,1693
237,10329-002:,"Skördegatan 17-19, Borlänge, Dalarna, Sverige",60.4940543,15.419785,kWh,220,182,201,191,186,183,193,194,190,201,206,210
238,10330-001:,"Skördegatan 21-25, Borlänge, Dalarna, Sverige",60.494302,15.4200316,kWh,2261,3288,3183,1430,522,482,412,474,852,1496,1521,2116
239,10330-002:,"Vallgatan 13-17, Borlänge, Dalarna, Sverige",60.4949056,15.4195137,kWh,2673,2377,2683,2765,2470,2148,2204,2715,3151,3418,4149,3373
240,10331-001:,"Vallgatan 19, Borlänge, Dalarna, Sverige",60.4943765,15.4181889,kWh,800,675,738,727,558,513,466,546,623,772,742,776
241,10331-002:,"Vallgatan 21, Borlänge, Dalarna, Sverige",60.4942088,15.4174602,kWh,1520,1377,1212,914,689,589,591,693,788,1246,1338,1601
242,10332-001:,"Hagavägen 74, Borlänge, Dalarna, Sverige",60.4940254,15.4166543,kWh,2686,2759,3031,2410,1922,631,444,1022,1882,2029,2151,2712
243,10342-001:,"Tägtvägen 21-23, Borlänge, Dalarna, Sverige",60.4909597,15.4177076,kWh,792,647,765,764,723,558,557,763,682,661,722,679
244,10344-001:,"Parkgatan 13, Borlänge, Dalarna, Sverige",60.4892346,15.4259406,kWh,868,779,720,476,510,476,531,541,576,701,790,932
245,10344-003:,"Parkgatan 15, Borlänge, Dalarna, Sverige",60.4895478,15.4252576,kWh,109,99,112,92,73,53,57,61,68,107,111,114
246,10344-002:,"Tångringsgatan 28 A-B, Borlänge, Dalarna, Sverige",60.4894367,15.4249539,kWh,655,560,547,569,416,400,455,381,485,555,590,556
247,10345-002:,"Parkgatan 12 A-B, Borlänge, Dalarna, Sverige",60.4887563,15.4278668,kWh,3871,3645,4443,4329,3897,3510,3570,3654,3410,3660,3563,3714
248,10345-001:,"Parkgatan 8 A-B, Borlänge, Dalarna, Sverige",60.4897707,15.4270901,kWh,5344,5396,5867,5258,4660,3900,4032,4056,3998,4407,4817,5944
250,10346-002:,"Sturegatan 21, Borlänge, Dalarna, Sverige",60.4869884,15.4253197,kWh,25037,23172,25820,23987,23711,23018,22796,22854,22280,23434,23640,24965
251,10351-001:,"Thenstedtsgatan 9, Borlänge, Dalarna, Sverige",60.4873719,15.4164379,kWh,8233,7955,8148,6717,5811,5622,5386,5505,5811,6766,7777,8783
252,10352-001:,"Thenstedtsgatan 5, Borlänge, Dalarna, Sverige",60.4870163,15.4169931,kWh,9216,8336,8897,8242,8326,8373,9628,8922,8050,8507,8603,8589
253,10353-001:,"Thenstedtsgatan 3, Borlänge, Dalarna, Sverige",60.4867305,15.4176451,kWh,7911,7422,7514,6368,5484,4924,5187,5179,6551,6943,6952,7278
254,,"Tvättstuga, Gös Eriks väg, Borlänge, Dalarna, Sverige",60.4651938,15.3684469,kWh,6136,5255,5422,4774,3119,2762,2347,3476,4846,5608,5948,6509
255,,"Tvättstuga, Stånggatan, Borlänge, Dalarna, Sverige",60.4767877,15.3952072,kWh,8987,8244,8474,5873,4462,3620,3625,4305,4865,6139,6894,9043
256,10145-002:,"Täppgatan 34, Borlänge, Dalarna, Sverige",60.4776593,15.460344,kWh,4398,5438,4644,3360,2665,2063,1109,1023,999,1071,1112,1243